"name","avg_Hs","StdDev_Hs","N_Hs","Hs_zero","Hs_greater_than_zero"
"Hs_CEU",0.0838390425800487,0.0621739474269493,5819,0,5819
"Hs_NE",0.0514028795384826,0.0556414516342286,11901,0,11901
"Hs_NEU",0.101178206119533,0.0642508515276507,4897,0,4897
"Hs_PNW",0.0677115492678271,0.0594586647322277,7615,0,7615
"Hs_SEU",0.123018702141193,0.0588998351753094,2861,0,2861
"Hs_WEU",0.0973907987975669,0.0617608467589046,5258,0,5258
