"name","avg_Hs","StdDev_Hs","N_Hs","Hs_zero","Hs_greater_than_zero"
"Hs_CEU",0.0872752060831446,0.0610578598720666,5999,0,5999
"Hs_NE",0.0531562370533341,0.0559374473601009,12616,0,12616
"Hs_NEU",0.104284902721207,0.0629525313613273,5104,0,5104
"Hs_PNW",0.0678142105796418,0.0594730018003705,8231,0,8231
"Hs_SEU",0.152304767162328,0.0513920842670205,2108,0,2108
"Hs_WEU",0.102163620156617,0.0615360687757425,5512,0,5512
