"name","avg_Hs","StdDev_Hs","N_Hs","Hs_zero","Hs_greater_than_zero"
"Hs_CEU",0.0981367748992361,0.0597877355967398,5057,0,5057
"Hs_NE",0.0587429571409976,0.0561803876322734,11433,0,11433
"Hs_NEU",0.119377566353776,0.0591415996203672,4234,0,4234
"Hs_PNW",0.0678347075439869,0.0592665502632542,8193,0,8193
"Hs_WEU",0.108321583949249,0.057733330948893,5036,0,5036
